Step,EpisodeScore,FPS,Loss
10,-10.0,4,0.07578408363042399
20,-10.0,5,0.1326941037114011
30,,4,0.1575214959564619
